factor,points,final_rank,kendall_w
Health Status/Disabilities,15,1,0.5555555555555557
Age,8,2,0.5555555555555557
Family Situation,8,2,0.5555555555555557
Income,8,2,0.5555555555555557
Social Network,3,3,0.5555555555555557
Education,2,4,0.5555555555555557
Savings,1,5,0.5555555555555557
