factor,points,final_rank,kendall_w
Income,15,1,0.5555555555555556
Savings,8,2,0.5555555555555556
Debt,7,3,0.5555555555555556
Occupation,6,4,0.5555555555555556
Education,5,5,0.5555555555555556
Ethnicity,2,6,0.5555555555555556
Family Situation,2,6,0.5555555555555556
